<?xml version="1.0" encoding="UTF-8"?>
<GenRun Id="impl_1" LaunchPart="xc7k70tfbv676-1" LaunchTime="1738261971">
  <File Type="BITSTR-BMM" Name="uart_rx_bd.bmm"/>
  <File Type="ROUTE-PWR" Name="uart_rx_power_routed.rpt"/>
  <File Type="PA-TCL" Name="uart_rx.tcl"/>
  <File Type="OPT-DCP" Name="uart_rx_opt.dcp"/>
  <File Type="ROUTE-PWR-SUM" Name="uart_rx_power_summary_routed.pb"/>
  <File Type="REPORTS-TCL" Name="uart_rx_reports.tcl"/>
  <File Type="OPT-DRC" Name="uart_rx_drc_opted.rpt"/>
  <File Type="OPT-HWDEF" Name="uart_rx.hwdef"/>
  <File Type="PWROPT-DCP" Name="uart_rx_pwropt.dcp"/>
  <File Type="PLACE-DCP" Name="uart_rx_placed.dcp"/>
  <File Type="PLACE-IO" Name="uart_rx_io_placed.rpt"/>
  <File Type="PLACE-UTIL" Name="uart_rx_utilization_placed.rpt"/>
  <File Type="PLACE-UTIL-PB" Name="uart_rx_utilization_placed.pb"/>
  <File Type="PLACE-CTRL" Name="uart_rx_control_sets_placed.rpt"/>
  <File Type="PLACE-PRE-SIMILARITY" Name="uart_rx_incremental_reuse_pre_placed.rpt"/>
  <File Type="BG-BGN" Name="uart_rx.bgn"/>
  <File Type="POSTPLACE-PWROPT-DCP" Name="uart_rx_postplace_pwropt.dcp"/>
  <File Type="BG-BIN" Name="uart_rx.bin"/>
  <File Type="PHYSOPT-DCP" Name="uart_rx_physopt.dcp"/>
  <File Type="BITSTR-MSK" Name="uart_rx.msk"/>
  <File Type="ROUTE-ERROR-DCP" Name="uart_rx_routed_error.dcp"/>
  <File Type="ROUTE-DCP" Name="uart_rx_routed.dcp"/>
  <File Type="ROUTE-BLACKBOX-DCP" Name="uart_rx_routed_bb.dcp"/>
  <File Type="ROUTE-DRC" Name="uart_rx_drc_routed.rpt"/>
  <File Type="ROUTE-DRC-PB" Name="uart_rx_drc_routed.pb"/>
  <File Type="BITSTR-LTX" Name="uart_rx.ltx"/>
  <File Type="ROUTE-DRC-RPX" Name="uart_rx_drc_routed.rpx"/>
  <File Type="BITSTR-MMI" Name="uart_rx.mmi"/>
  <File Type="ROUTE-METHODOLOGY-DRC" Name="uart_rx_methodology_drc_routed.rpt"/>
  <File Type="ROUTE-METHODOLOGY-DRC-RPX" Name="uart_rx_methodology_drc_routed.rpx"/>
  <File Type="BITSTR-SYSDEF" Name="uart_rx.sysdef"/>
  <File Type="ROUTE-METHODOLOGY-DRC-PB" Name="uart_rx_methodology_drc_routed.pb"/>
  <File Type="ROUTE-PWR-RPX" Name="uart_rx_power_routed.rpx"/>
  <File Type="ROUTE-STATUS" Name="uart_rx_route_status.rpt"/>
  <File Type="ROUTE-STATUS-PB" Name="uart_rx_route_status.pb"/>
  <File Type="ROUTE-TIMINGSUMMARY" Name="uart_rx_timing_summary_routed.rpt"/>
  <File Type="ROUTE-TIMING-PB" Name="uart_rx_timing_summary_routed.pb"/>
  <File Type="ROUTE-TIMING-RPX" Name="uart_rx_timing_summary_routed.rpx"/>
  <File Type="RDI-RDI" Name="uart_rx.vdi"/>
  <File Type="ROUTE-CLK" Name="uart_rx_clock_utilization_routed.rpt"/>
  <File Type="ROUTE-BUS-SKEW" Name="uart_rx_bus_skew_routed.rpt"/>
  <File Type="ROUTE-BUS-SKEW-PB" Name="uart_rx_bus_skew_routed.pb"/>
  <File Type="ROUTE-BUS-SKEW-RPX" Name="uart_rx_bus_skew_routed.rpx"/>
  <File Type="POSTROUTE-PHYSOPT-DCP" Name="uart_rx_postroute_physopt.dcp"/>
  <File Type="POSTROUTE-PHYSOPT-BLACKBOX-DCP" Name="uart_rx_postroute_physopt_bb.dcp"/>
  <File Type="BG-BIT" Name="uart_rx.bit"/>
  <File Type="BITSTR-RBT" Name="uart_rx.rbt"/>
  <File Type="BITSTR-NKY" Name="uart_rx.nky"/>
  <File Type="BG-DRC" Name="uart_rx.drc"/>
  <File Type="WBT-USG" Name="usage_statistics_webtalk.html"/>
  <FileSet Name="sources" Type="DesignSrcs" RelSrcDir="$PSRCDIR/sources_1">
    <Filter Type="Srcs"/>
    <File Path="$PSRCDIR/sources_1/new/uart_rx.vhd">
      <FileInfo>
        <Attr Name="UsedIn" Val="synthesis"/>
        <Attr Name="UsedIn" Val="simulation"/>
      </FileInfo>
    </File>
    <File Path="$PSRCDIR/sources_1/new/fir.vhd">
      <FileInfo>
        <Attr Name="AutoDisabled" Val="1"/>
        <Attr Name="UsedIn" Val="synthesis"/>
        <Attr Name="UsedIn" Val="simulation"/>
      </FileInfo>
    </File>
    <Config>
      <Option Name="DesignMode" Val="RTL"/>
      <Option Name="TopModule" Val="uart_rx"/>
      <Option Name="TopAutoSet" Val="TRUE"/>
    </Config>
  </FileSet>
  <FileSet Name="constrs_in" Type="Constrs" RelSrcDir="$PSRCDIR/constrs_1">
    <Filter Type="Constrs"/>
    <Config>
      <Option Name="ConstrsType" Val="XDC"/>
    </Config>
  </FileSet>
  <FileSet Name="utils" Type="Utils" RelSrcDir="$PSRCDIR/utils_1">
    <Filter Type="Utils"/>
    <Config>
      <Option Name="TopAutoSet" Val="TRUE"/>
    </Config>
  </FileSet>
  <Strategy Version="1" Minor="2">
    <StratHandle Name="Vivado Implementation Defaults" Flow="Vivado Implementation 2018"/>
    <Step Id="init_design"/>
    <Step Id="opt_design"/>
    <Step Id="power_opt_design"/>
    <Step Id="place_design"/>
    <Step Id="post_place_power_opt_design"/>
    <Step Id="phys_opt_design"/>
    <Step Id="route_design"/>
    <Step Id="post_route_phys_opt_design"/>
    <Step Id="write_bitstream"/>
  </Strategy>
</GenRun>
